id;name;surname;date_of_birth;date_of_employment
0;Braxton;Torbett;1970-02-06;2009-05-09
1;Frida;Tozer;1978-12-26;2023-07-25
2;Lindor;Torney;1967-08-31;2023-07-20
3;Ellie;Minhinnick;1976-01-05;2006-11-10
4;Asher;Perkins;1982-01-12;2006-10-10
5;Lawrence;Dane;1970-09-23;1997-10-26
6;Tyson;Waite;1973-05-12;2015-11-22
7;Marmaduke;Lester;1966-04-24;2017-12-01
8;Charlee;Bailin;1974-02-21;1997-12-13
9;Frederica;Owens;1966-08-23;2006-07-29
10;Sidney;Auger;1974-10-17;2003-07-19
11;Loretta;Rees;1974-02-05;2012-09-06
12;Garth;Weir;1962-03-12;1988-07-04
13;Stanford;Corddry;1964-01-11;2022-01-31
14;Manuel;Bowman;1966-12-09;2022-04-04
15;Niles;Robertson;1954-04-21;2016-12-07
16;Lyndsay;Whybrow;1968-08-26;2003-09-26
17;Elgar;Skeete;1978-06-07;2021-03-28
18;Gwenda;MacInnes;1950-07-02;2005-12-28
19;Hazel;Carey;1980-04-29;2019-03-13
20;Waverly;Walle;1964-09-04;1995-06-13
21;Patsy;Hendley;1971-09-02;2002-01-14
22;Coraline;Carder;1989-09-19;2024-10-12
23;Dana;Croom;1960-02-27;1989-08-04
24;Everett;Carroll;1987-01-02;2015-08-10
25;Marta;Lucey;1969-04-05;2021-06-08
26;Angie;Ritchie;1969-01-18;2017-09-19
27;Zach;Taylor;1963-06-20;2021-12-05
28;Jake;Duddridge;1954-07-10;1977-02-13
29;Naomi;Burrows;1985-10-17;2019-03-05
30;Mina;Kettle;1984-09-06;2020-06-23
31;Millie;Lawrence;1989-03-02;2016-08-02
32;Madelaine;Greeson;1958-09-20;2011-03-19
33;Nathaniel;Bason;1955-08-16;2012-11-21
34;Jack;Johnson;1955-05-19;1998-10-07
35;Gail;Hodgson;1951-10-31;2004-11-23
36;Karlee;Rogan;1950-03-10;1984-08-06
37;Roscoe;Foley;1969-06-28;2021-03-27
38;Noella;Singleton;1983-05-05;2011-11-14
39;Marquise;Lygon;1960-07-09;2015-12-16
40;Percival;Hulle;1955-11-24;1996-03-24
41;Hayden;Cross;1980-10-13;2023-01-24
42;Caroline;Henville;1966-12-17;1992-12-28
43;Caroline;Kraabel;1951-03-09;1991-12-01
44;Zion;Hawkes;1972-10-31;2017-08-20
45;Jon;Hilliam;1988-01-28;2018-01-13
46;Carol;Farrow;1951-07-11;1987-08-28
47;Mehitable;Wadsworth;1972-10-16;2003-09-25
48;Benson;McCann;1952-10-03;2022-06-02
49;Josephine;O'Neill;1964-04-28;1999-02-28
50;Ash;Slade;1969-08-27;2002-03-30
51;Gladys;Campling;1961-06-19;2022-03-14
52;Dutton;Watling;1969-07-16;2015-06-05
53;Tallulah;Whitelaw;1964-12-20;2024-01-22
54;Susanna;Hucker;1950-01-22;2002-03-19
55;Montie;Silk;1985-07-06;2008-06-23
56;Charli;Michaelson;1989-08-06;2019-07-05
57;Cathy;Fuller;1972-11-12;2003-11-03
58;Nadine;Quill;1985-01-01;2018-08-05
59;Liam;Draper;1960-05-18;2022-01-18
60;Millicent;Cuddy;1980-11-02;2018-04-11
61;Bryan;Laster;1980-02-25;2007-04-19
62;Arnie;McAnally;1980-07-12;2009-09-17
63;Cathleen;Kovacevich;1984-01-15;2008-06-03
64;Cecil;Groves;1964-01-24;1995-03-14
65;Dana;Knaggs;1958-05-28;1990-09-15
66;Stefan;Noe;1970-01-14;2004-11-11
67;Sanford;Dickens;1967-02-27;2024-03-20
68;Brian;Greenfield;1960-08-31;2014-12-15
69;Walker;Ashbridge;1978-04-18;2018-10-21
70;Cheryl;Whetten;1981-10-21;2010-03-06
71;Brenda;Weir;1990-12-19;2021-06-23
72;Fleur;Dudding;1960-12-03;1997-05-06
73;Aaron;Booth;1972-09-18;2006-06-13
74;Marissa;Snook;1952-01-23;1993-05-14
75;Celinda;Tollemache;1971-08-24;2008-06-26
76;Lana;Tinworth;1953-04-07;1987-05-03
77;Jensen;Haliburton;1968-10-02;2012-12-09
78;Audrey;Hynds;1968-03-31;2016-12-31
79;Karly;Smithers;1952-03-19;1990-12-01
80;Tucker;Shersby;1986-04-26;2010-05-17
81;Jack;Hubbard;1988-04-23;2011-12-21
82;Wallace;Brackenridge;1979-03-22;2013-03-14
83;Jaynie;Sargeant;1960-09-21;1990-11-09
84;Mina;Walle;1980-02-29;2019-04-13
85;Jackson;Radcliffe;1955-07-08;1999-09-05
86;Woody;Pardoe;1952-02-05;2008-05-28
87;Melanie;Ardron;1968-10-15;2010-12-15
88;Eli;Bowie;1955-05-31;2022-06-09
89;Addison;Wales;1966-07-05;2024-07-22
90;Angelina;Swan;1966-07-16;1993-05-08
91;Stetson;Ayrton;1961-06-16;2004-07-22
92;Lenny;Willard;1957-09-12;2002-01-11
93;Molly;Duncan;1980-08-05;2024-09-19
94;Angelina;Colborn;1950-07-17;1989-05-13
95;Owen;Mills;1967-02-15;1992-04-16
96;Rosalie;Zeal;1975-02-16;2020-12-27
97;Frederic;Ridley;1966-02-14;2018-03-30
98;Darlene;Currie;1952-06-01;2020-06-05
99;Lana;Goggin;1965-05-12;2001-08-23
